Isolate ID	Gene	Predicted Phenotype	CGE Predicted Phenotype	%Identity	%Overlap	HSP Length/Total Length	Contig	Start	End	Accession	Sequence	CGE Notes
sau027	aac(6')-aph(2'')	unknown[aac(6')-aph(2'')_1_M13771]	Gentamicin, Tobramycin, Netilmicin, Kanamycin, Amikacin, Dibekacin, Isepamicin, Fortimicin, Streptomycin	99.72	100.14	1442/1440	Seq2_len=33332	21152	22591	M13771	ATGAATATAGTTGAAAATGAAATATGTATAAGAACTTTAATAGATGATGATTTTCCTTTGATGTTAAAATGGTTAACTGATGAAAGAGTATTAGAATTTTATGGTGGTAGAGATAAAAAATATACATTAGAATCATTAAAAAAACATTATACAGAGCCTTGGGAAGATGAAGTTTTTAGAGTAATTATTGAATATAACAATGTTCCTATTGGATATGGACAAATATATAAAATGTATGATGAGTTATATACTGATTATCATTATCCAAAAACTGATGAGATAGTCTATGGTATGGATCAATTTATAGGAGAGCCAAATTATTGGAGTAAAGGAATTGGTACAAGATATATTAAATTGATTTTTGAATTTTTG-AAAAAGAAAGAAATGCTAATGCAGTTATTTTAGACCCTCATAAAAATAATCCAAGAGCAATAAGGGCATACCAAAAATCTGGTTTTAGAATTATTGAAGATTTGCCAGAACATGAATTACACGAGGGC-AAAAAGAAGATTGTTATTTAATGGAATATAGATATGATGATAATGCCACAAATGTTAAGGCAATGAAATATTTAATTGAGCATTACTTTGATAATTTCAAAGTAGATAGTATTGAAATAATCGGTAGTGGTTATGATAGTGTGGCATATTTAGTTAATAATGAATACATTTTTAAAAACAAAATTTAGTACTAATAAGAAAAAAGGTTATGCAAAAGAAAAAAGCAATATATAATTTTTTAAATACAAATTTAGAAACTAATGTAAAAATTCCTAATATTGAATATTCGTATATTAGTGATGAATTATCTATACTAGGTTATAAAGAAATTAAAGGAACTTTTTTAACACCAGAAATTTATTCTACTATGTCAGAAGAAGAACAAAATTTGTTAAAACGAGATATTGCCAGTTTTTTAAGACAAATGCACGGTTTAGATTATACAGATATTAGTGAATGTACTATTGATAATAAACAAAATGTATTAGAAGAGTATATATTGTTGCGTGAAACTATTTATAATGATTTAACTGATATAGAAAAAGATTATATAGAAAGTTTTATGGAAAGACTAAATGCAACAACAGTTTTTGAGGGTAAAAAGTGTTTATGCCATAATGATTTTAGTTGTAATCATCTATTGTTAGATGGCAATAATAGATTAACTGGAATAATTGATTTTGGAGATTCTGGAATTATAGATGAATATTGTGATTTTATATACTTACTTGAAGATAGTGAAGAAGAAATAGGAACAAATTTTGGAGAAGATATATTAAGAATGTATGGAAATATAGATATTGAGAAAGCAAAAGAATATCAAGATATAGTTGAAGAATATTATCCTATTGAAACTATTGTTTATGGAATTAAAAATATTAAACAGGAATTTATCGAAAATGGTAGAAAAGAAATTTATAAAAGGACTTATAAAGATTGA	Alternative name aac(6')-bifunctional, aac(6')-Ie, aacA-aphD, aac(6')-Ie-aph(2'')-Ia
sau027	aac(6')-aph(2'')	amikacin, gentamicin, tobramycin	Gentamicin, Tobramycin, Netilmicin, Kanamycin, Amikacin, Dibekacin, Isepamicin, Fortimicin, Streptomycin	99.72	100.14	1442/1440	Seq2_len=33332	21152	22591	M13771	ATGAATATAGTTGAAAATGAAATATGTATAAGAACTTTAATAGATGATGATTTTCCTTTGATGTTAAAATGGTTAACTGATGAAAGAGTATTAGAATTTTATGGTGGTAGAGATAAAAAATATACATTAGAATCATTAAAAAAACATTATACAGAGCCTTGGGAAGATGAAGTTTTTAGAGTAATTATTGAATATAACAATGTTCCTATTGGATATGGACAAATATATAAAATGTATGATGAGTTATATACTGATTATCATTATCCAAAAACTGATGAGATAGTCTATGGTATGGATCAATTTATAGGAGAGCCAAATTATTGGAGTAAAGGAATTGGTACAAGATATATTAAATTGATTTTTGAATTTTTG-AAAAAGAAAGAAATGCTAATGCAGTTATTTTAGACCCTCATAAAAATAATCCAAGAGCAATAAGGGCATACCAAAAATCTGGTTTTAGAATTATTGAAGATTTGCCAGAACATGAATTACACGAGGGC-AAAAAGAAGATTGTTATTTAATGGAATATAGATATGATGATAATGCCACAAATGTTAAGGCAATGAAATATTTAATTGAGCATTACTTTGATAATTTCAAAGTAGATAGTATTGAAATAATCGGTAGTGGTTATGATAGTGTGGCATATTTAGTTAATAATGAATACATTTTTAAAAACAAAATTTAGTACTAATAAGAAAAAAGGTTATGCAAAAGAAAAAAGCAATATATAATTTTTTAAATACAAATTTAGAAACTAATGTAAAAATTCCTAATATTGAATATTCGTATATTAGTGATGAATTATCTATACTAGGTTATAAAGAAATTAAAGGAACTTTTTTAACACCAGAAATTTATTCTACTATGTCAGAAGAAGAACAAAATTTGTTAAAACGAGATATTGCCAGTTTTTTAAGACAAATGCACGGTTTAGATTATACAGATATTAGTGAATGTACTATTGATAATAAACAAAATGTATTAGAAGAGTATATATTGTTGCGTGAAACTATTTATAATGATTTAACTGATATAGAAAAAGATTATATAGAAAGTTTTATGGAAAGACTAAATGCAACAACAGTTTTTGAGGGTAAAAAGTGTTTATGCCATAATGATTTTAGTTGTAATCATCTATTGTTAGATGGCAATAATAGATTAACTGGAATAATTGATTTTGGAGATTCTGGAATTATAGATGAATATTGTGATTTTATATACTTACTTGAAGATAGTGAAGAAGAAATAGGAACAAATTTTGGAGAAGATATATTAAGAATGTATGGAAATATAGATATTGAGAAAGCAAAAGAATATCAAGATATAGTTGAAGAATATTATCCTATTGAAACTATTGTTTATGGAATTAAAAATATTAAACAGGAATTTATCGAAAATGGTAGAAAAGAAATTTATAAAAGGACTTATAAAGATTGA	Alternative name aac(6')-bifunctional, aac(6')-Ie, aacA-aphD, aac(6')-Ie-aph(2'')-Ia
sau027	aadD	unknown[aadD_2_M19465]	Amikacin, Tobramycin	100.00	100.00	762/762	Seq2_len=33332	27150	26389	M19465	GTGAATGGACCAATAATAATGACTAGAGAAGAAAGAATGAAGATTGTTCATGAAATTAAGGAACGAATATTGGATAAATATGGGGATGATGTTAAGGCTATTGGTGTTTATGGCTCTCTTGGTCGTCAGACTGATGGGCCCTATTCGGATATTGAGATGATGTGTGTCATGTCAACAGAGGAAGCAGAGTTCAGCCATGAATGGACAACCGGTGAGTGGAAGGTGGAAGTGAATTTTGATAGCGAAGAGATTCTACTAGATTATGCATCTCAGGTGGAATCAGATTGGCCGCTTACACATGGTCAATTTTTCTCTATTTTGCCGATTTATGATTCAGGTGGATACTTAGAGAAAGTGTATCAAACTGCTAAATCGGTAGAAGCCCAAACGTTCCACGATGCGATTTGTGCCCTTATCGTAGAAGAGCTGTTTGAATATGCAGGCAAATGGCGTAATATTCGTGTGCAAGGACCGACAACATTTCTACCATCCTTGACTGTACAGGTAGCAATGGCAGGTGCCATGTTGATTGGTCTGCATCATCGCATCTGTTATACGACGAGCGCTTCGGTCTTAACTGAAGCAGTTAAGCAATCAGATCTTCCTTCAGGTTATGACCATCTGTGCCAGTTCGTAATGTCTGGTCAACTTTCCGACTCTGAGAAACTTCTGGAATCGCTAGAGAATTTCTGGAATGGGATTCAGGAGTGGACAGAACGACACGGATATATAGTGGATGTGTCAAAACGCATACCATTTTGA	Alternative name ant(4')-Ia
sau027	aadD	amikacin, tobramycin	Amikacin, Tobramycin	100.00	100.00	762/762	Seq2_len=33332	27150	26389	M19465	GTGAATGGACCAATAATAATGACTAGAGAAGAAAGAATGAAGATTGTTCATGAAATTAAGGAACGAATATTGGATAAATATGGGGATGATGTTAAGGCTATTGGTGTTTATGGCTCTCTTGGTCGTCAGACTGATGGGCCCTATTCGGATATTGAGATGATGTGTGTCATGTCAACAGAGGAAGCAGAGTTCAGCCATGAATGGACAACCGGTGAGTGGAAGGTGGAAGTGAATTTTGATAGCGAAGAGATTCTACTAGATTATGCATCTCAGGTGGAATCAGATTGGCCGCTTACACATGGTCAATTTTTCTCTATTTTGCCGATTTATGATTCAGGTGGATACTTAGAGAAAGTGTATCAAACTGCTAAATCGGTAGAAGCCCAAACGTTCCACGATGCGATTTGTGCCCTTATCGTAGAAGAGCTGTTTGAATATGCAGGCAAATGGCGTAATATTCGTGTGCAAGGACCGACAACATTTCTACCATCCTTGACTGTACAGGTAGCAATGGCAGGTGCCATGTTGATTGGTCTGCATCATCGCATCTGTTATACGACGAGCGCTTCGGTCTTAACTGAAGCAGTTAAGCAATCAGATCTTCCTTCAGGTTATGACCATCTGTGCCAGTTCGTAATGTCTGGTCAACTTTCCGACTCTGAGAAACTTCTGGAATCGCTAGAGAATTTCTGGAATGGGATTCAGGAGTGGACAGAACGACACGGATATATAGTGGATGTGTCAAAACGCATACCATTTTGA	Alternative name ant(4')-Ia
sau027	blaZ	unknown[blaZ_78_KU607301]	Amoxicillin, Ampicillin, Penicillin, Piperacillin	98.88	100.56	893/888	Seq1_len=2922955	2627388	2628278	KU607301	TTGATTTATAAAAATTACAACTGTAATATCGGAGGGTTTATTTTGAAAAAAGTTAATATTTTTAATTGTAATTGCTTTAGTTTTAAGTGCATGTAATTCAAACAGTTCACATGCCAAAGAGTTAAATGATTTAGAAAAAAAATATAATGCTCATATTGGTGTTTATGCTTTAGATACTAAAAGTGGTAAGGAAGTAAAATTTAATTCAGATAAGAGATTTGCCTATGCTTCAACTTCAAAAGCGATAAATAGTGCTATTTTGTTAGAACAAGTACCTTATAATAAGTTAAATAAAAAAGTACATATTAACAAAGATGATATAGTTGCTTATTCTCCTATTTTAGAAAAAATATGTAGGAAAAGATATCACTTTAAAAAGCACTTATTGAGGCTTCAATGACATATAGTGATAATACAGCAAACAATAAAATTATAAAAGAAATCGGTGGAATC-AAAAAGTTAAACAACGTCTAAAAAGAACTAGGAGATAAAGTAACAAATCCAGTTAGATATGAGATAGAATTAAATTACTATTCACCAAAGAGC-AAAAAGATACTTCAACACCTGCTGCTTTCGGTAAGACTTTAAATAAACTTATCGCAAATGGAAAATTAAGCAAAGAAAACAAAAAATTCTTACTTGATTTAATGTTAAATAATAAAAGCGGAGATACTTTTAATTAAAGACGGTGTTCCAAAAGACTATAAGGTTGCTGATAAAAGTGGTCAAGCAATAACATATGCTTCTAGAAATGATGTTGCTTTTGTTTATCCTAAGGGCCAATCTGAACCTATTGTTTTAGTCATTTTTACGAATAAAGACAATAAAAGTGATAAGCCAAATGATAAGTTGATAAGTGAAACCGCCAAGAGTGTAATGAAGGAATTTTAA	Class A
sau027	blaZ	ampicillin	Amoxicillin, Ampicillin, Penicillin, Piperacillin	98.88	100.56	893/888	Seq1_len=2922955	2627388	2628278	KU607301	TTGATTTATAAAAATTACAACTGTAATATCGGAGGGTTTATTTTGAAAAAAGTTAATATTTTTAATTGTAATTGCTTTAGTTTTAAGTGCATGTAATTCAAACAGTTCACATGCCAAAGAGTTAAATGATTTAGAAAAAAAATATAATGCTCATATTGGTGTTTATGCTTTAGATACTAAAAGTGGTAAGGAAGTAAAATTTAATTCAGATAAGAGATTTGCCTATGCTTCAACTTCAAAAGCGATAAATAGTGCTATTTTGTTAGAACAAGTACCTTATAATAAGTTAAATAAAAAAGTACATATTAACAAAGATGATATAGTTGCTTATTCTCCTATTTTAGAAAAAATATGTAGGAAAAGATATCACTTTAAAAAGCACTTATTGAGGCTTCAATGACATATAGTGATAATACAGCAAACAATAAAATTATAAAAGAAATCGGTGGAATC-AAAAAGTTAAACAACGTCTAAAAAGAACTAGGAGATAAAGTAACAAATCCAGTTAGATATGAGATAGAATTAAATTACTATTCACCAAAGAGC-AAAAAGATACTTCAACACCTGCTGCTTTCGGTAAGACTTTAAATAAACTTATCGCAAATGGAAAATTAAGCAAAGAAAACAAAAAATTCTTACTTGATTTAATGTTAAATAATAAAAGCGGAGATACTTTTAATTAAAGACGGTGTTCCAAAAGACTATAAGGTTGCTGATAAAAGTGGTCAAGCAATAACATATGCTTCTAGAAATGATGTTGCTTTTGTTTATCCTAAGGGCCAATCTGAACCTATTGTTTTAGTCATTTTTACGAATAAAGACAATAAAAGTGATAAGCCAAATGATAAGTTGATAAGTGAAACCGCCAAGAGTGTAATGAAGGAATTTTAA	Class A
sau027	dfrG	unknown[dfrG_1_AB205645]	Trimethoprim	99.80	100.20	499/498	Seq1_len=2922955	93042	92544	AB205645	ATGAAAGTTTCTTTGATTGCTGCGATGGATAAGAATAGAGTGATTGGCAAAGAGAATGACATTCCTTGGAGGATTCCCAAGGACTGGGAATATGTTAAAAATACTACAAAGGGACATCCGATAATATTAGGTAGGAAGAACCTTGAATCAATCGGAAGAGCCTTACCTGACAGAAGAAATATTATTCTGACGAGAGATAAGGGGTTTACCTTTAATGGTTGTGAAATTGTTCATTCAATAGAAGATGTTTTTGAGTTATGTAAAAACGAAGAAGAAATTTTTATTTTCGGAGGAGAACAGATTTATAATTTGTTTTTCCCTTATGTTGAGAAAATGTACATCACAAAAATACATCATGAATTCGAAGGAGATACTTTTTTTTCCAGAAGTGAATTATGAGGAATGGAATGAGGTATTTGCCCAAAAAGGGATAAAGAATGATAAAAATCCGTATAACTACTATTTTCATGTATATGAAAGAAAAAACTTATTGAGTTAA	
sau027	dfrG	trimethoprim	Trimethoprim	99.80	100.20	499/498	Seq1_len=2922955	93042	92544	AB205645	ATGAAAGTTTCTTTGATTGCTGCGATGGATAAGAATAGAGTGATTGGCAAAGAGAATGACATTCCTTGGAGGATTCCCAAGGACTGGGAATATGTTAAAAATACTACAAAGGGACATCCGATAATATTAGGTAGGAAGAACCTTGAATCAATCGGAAGAGCCTTACCTGACAGAAGAAATATTATTCTGACGAGAGATAAGGGGTTTACCTTTAATGGTTGTGAAATTGTTCATTCAATAGAAGATGTTTTTGAGTTATGTAAAAACGAAGAAGAAATTTTTATTTTCGGAGGAGAACAGATTTATAATTTGTTTTTCCCTTATGTTGAGAAAATGTACATCACAAAAATACATCATGAATTCGAAGGAGATACTTTTTTTTCCAGAAGTGAATTATGAGGAATGGAATGAGGTATTTGCCCAAAAAGGGATAAAGAATGATAAAAATCCGTATAACTACTATTTTCATGTATATGAAAGAAAAAACTTATTGAGTTAA	
sau027	erm(C)	unknown[erm(C)_13_M13761]	Erythromycin, Lincomycin, Clindamycin, Quinupristin, Pristinamycin IA, Virginiamycin S	99.59	100.27	737/735	Seq2_len=33332	30178	29443	M13761	ATGAACGAGAAAAAATATAAAACACAGTCAAAACTTTATTACTTCCAAAACATAATATAGATAAAATAATGACAAATATAAGATTAAATGAACATGATAATATCTTTGAAATCGGCTCAGGAAAAGGGCATTTTACCCTTGAATTAGTACAGAGGTGTAATTTCGTAACTGCCATTGAAATAGACCATAAATTATGCAAAACTACAGAAAATAAACTTGTTGATCACGATAATTTCCAAGTTTTAAACAAGGATATATTGCAGTTTAAATTTCCTAAAAACCAATCCTATAAAATATTTGGTAATATACCTTATAACATAAGTACGGATATAATACGCAAAATTGTTTTTGATAGTATAGCTGATGAGATTTATTTAATCGTGGAATACGGGTTTGCTAAAAGATTATTAAATACAAAACGCTCATTGGCATTATTTTTAATGGCAGAAGTTGATATTTCTATATTAAGTATGGTTCCAAGAGAATATTTTCATCCTAAACCTAAAGTGAATAGCTCACTTATCAGATTAAATAGAAAAAAATCAAGAATATCACACAAAGATAAACAGAAGTATAATTATTTCGTTATGAAATGGGTTAACAAAGAATACAAGAAAATATTTACAAAAA-TCAATTTAACAATTCCTTAAAACATGCAGGAATTGACGATTTAAACAATATTAGCTTTGAACAATTCTTATCTCTTTTCAATAGCTATAAATTATTTAATAAGTAA	23S rRNA methylase; Azithromycin, Spiramycin resistance in Staphylococcus sp. and Streptococcus sp.; If inducible phenotype, patterns of spiramycin, lincomycin and clindamycin resistance may vary
sau027	erm(C)	erythromycin, azithromycin	Erythromycin, Lincomycin, Clindamycin, Quinupristin, Pristinamycin IA, Virginiamycin S	99.59	100.27	737/735	Seq2_len=33332	30178	29443	M13761	ATGAACGAGAAAAAATATAAAACACAGTCAAAACTTTATTACTTCCAAAACATAATATAGATAAAATAATGACAAATATAAGATTAAATGAACATGATAATATCTTTGAAATCGGCTCAGGAAAAGGGCATTTTACCCTTGAATTAGTACAGAGGTGTAATTTCGTAACTGCCATTGAAATAGACCATAAATTATGCAAAACTACAGAAAATAAACTTGTTGATCACGATAATTTCCAAGTTTTAAACAAGGATATATTGCAGTTTAAATTTCCTAAAAACCAATCCTATAAAATATTTGGTAATATACCTTATAACATAAGTACGGATATAATACGCAAAATTGTTTTTGATAGTATAGCTGATGAGATTTATTTAATCGTGGAATACGGGTTTGCTAAAAGATTATTAAATACAAAACGCTCATTGGCATTATTTTTAATGGCAGAAGTTGATATTTCTATATTAAGTATGGTTCCAAGAGAATATTTTCATCCTAAACCTAAAGTGAATAGCTCACTTATCAGATTAAATAGAAAAAAATCAAGAATATCACACAAAGATAAACAGAAGTATAATTATTTCGTTATGAAATGGGTTAACAAAGAATACAAGAAAATATTTACAAAAA-TCAATTTAACAATTCCTTAAAACATGCAGGAATTGACGATTTAAACAATATTAGCTTTGAACAATTCTTATCTCTTTTCAATAGCTATAAATTATTTAATAAGTAA	23S rRNA methylase; Azithromycin, Spiramycin resistance in Staphylococcus sp. and Streptococcus sp.; If inducible phenotype, patterns of spiramycin, lincomycin and clindamycin resistance may vary
sau027	fusC	unknown[fusC_1_KF527883]	Fusidic acid	99.38	100.47	642/639	Seq1_len=2922955	55485	56125	KF527883	ATGAATAAAATAGAAGTGTATAAGTTTGTTAAAGTAAAGCAGTTAGTATATCAATTGATTAAGTTATATCGTACAAACGATATGAATTCCCATAAAACACAAAAAGATTTTTTACTAAATGAAATTAATGATATCTTTAAAGAAAAAGATATTGATATCTCGGACTTTATTACATCGATTGACGATGTAAAATTAACTAAGAAAAAAAGCAGAACATCTTTTAAATGAATTAAAAGTGTACATCCAAGATTTTGAAATACCTTCATCAAGTCAACTGGAGAAAATTTTTCGTAAAGT-AAAAAATTAAAGAGACCAGATATAAATTTAATTGATACAAAAAGAAATTTCATATTTAGGATGGAATGATAATTCTTCTAACCGAAAATATATCGTTTATAAAAATTTAGATGATAAATTCGAAGGTATATATGGCGAAATTTCACCAAATAAAGTAAAAGGATTCTGTAAAATTTGTAATCAGGAATCTGATACATCACTCTTTCTCAATAAAACTAAACATAATAAGAGTAGTGGAACATATACTAAAAAAAGGAGATTACATTTGTTATGACAGTTTTAAATGTAATCAGAACCTAGATGATATAAATAATCTTTACGAATTTATTGTTAAAATAAAATAG	FusB-family protein
sau027	fusC	unknown[fusC_1_KF527883]	Fusidic acid	99.38	100.47	642/639	Seq1_len=2922955	55485	56125	KF527883	ATGAATAAAATAGAAGTGTATAAGTTTGTTAAAGTAAAGCAGTTAGTATATCAATTGATTAAGTTATATCGTACAAACGATATGAATTCCCATAAAACACAAAAAGATTTTTTACTAAATGAAATTAATGATATCTTTAAAGAAAAAGATATTGATATCTCGGACTTTATTACATCGATTGACGATGTAAAATTAACTAAGAAAAAAAGCAGAACATCTTTTAAATGAATTAAAAGTGTACATCCAAGATTTTGAAATACCTTCATCAAGTCAACTGGAGAAAATTTTTCGTAAAGT-AAAAAATTAAAGAGACCAGATATAAATTTAATTGATACAAAAAGAAATTTCATATTTAGGATGGAATGATAATTCTTCTAACCGAAAATATATCGTTTATAAAAATTTAGATGATAAATTCGAAGGTATATATGGCGAAATTTCACCAAATAAAGTAAAAGGATTCTGTAAAATTTGTAATCAGGAATCTGATACATCACTCTTTCTCAATAAAACTAAACATAATAAGAGTAGTGGAACATATACTAAAAAAAGGAGATTACATTTGTTATGACAGTTTTAAATGTAATCAGAACCTAGATGATATAAATAATCTTTACGAATTTATTGTTAAAATAAAATAG	FusB-family protein
sau027	mecA	unknown[mecA_8_NC_007168]	Amoxicillin, Amoxicillin+Clavulanic acid, Ampicillin, Ampicillin+Clavulanic acid, Cefepime, Cefixime, Cefotaxime, Cefoxitin, Ceftazidime, Ertapenem, Imipenem, Meropenem, Piperacillin, Piperacillin+Tazobactam	99.65	100.30	2013/2007	Seq1_len=2922955	74957	72946	NC_007168	ATGAAAAAGATAAAAATTGTTCCACTTATTTTAATAGTTGTAGTTGTCGGGTTTGGTATATATTTTTATGCTTCAAAAGATAAAGAAATTAATAATACTATTGATGCAATTGAAGATAAAAATTTCAAACAAGTTTATAAAGATAGCAGTTATATTTCTAAAAGCGATAATGGTGAAGTAGAAATGACTGAACGTCCGATAAAAATATATAATAGTTTAGGCGTTAAAGATATAAACATTCAGGATCGTAAAATAAAAAAAAGTATCTAAAAATAAAAAAACGAGTAGATGCTCAATATAAAATTAAAACAAACTACGGTAACATTGATCGCAACGTTCAATTTAATTTTGTTAAAGAAGATGGTATGTGGAAGTTAGATTGGGATCATAGCGTCATTATTCCAGGAATGCAGAAAGACCAAAGCATACATATTGAAAATTTAAAATCAGAACGTGGTAAAATTTTAGACCGAAACAATGTGGAATTGGCCAATACAGGAACAGCATATGAGATAGGCATCGTTCCAAAGAATGTATCTAAAAAAGATTATAAAGCAATCGCTAAAGAACTAAGTATTTCTGAAGACTATATCAAACAACAAATGGATCAAAATTGGGTACAAGATGATACCTTCGTTCCACTTAAAACCGTTAAAAAAAATGGATGAATATTTAAGAGATTTCGCAAAAAAAATTTCATCTTACAACTAATGAAACAGAAAGTCGTAACTATCCTCTAGGAAAAGCGACTTCACATCTATTAGGTTATGTTGGTCCCATTAACTCTGAAGAATTAAAACAAAAAGAATATAAAGGCTATAAAGATGATGCAGTTATTGGTAAAAAGGGACTCGAAAAACTTTACGATAAAAAGCTCCAACATGAAGATGGCTATCGTGTCACAATCGTTGACGATAATAGCAATACAATCGCACATACATTAATAGAGAAAAAGAAAAAAAGATGGCAAAGATATTCAACTAACTATTGATGCTAAAGTTCAAAAGAGTATTTATAACAACATGAAAAATGATTATGGCTCAGGTACTGCTATCCACCCTCAAACAGGTGAATTATTAGCACTTGTAAGCACACCTTCATATGACGTCTATCCATTTATGTATGGCATGAGTAACGAAGAATATAATAAATTAACCGAAGATAAAAAAGAACCTCTGCTCAACAAGTTCCAGATTACAACTTCACCAGGTTCAACTCAAAAAATATTAACAGCAATGATTGGGTTAAATAACAAAACATTAGACGATAAAACAAGTTATAAAATCGATGGTAAAGGTTGGCAAAA-GATAAATCTTGGGGTGGTTACAACGTTACAAGATATGAAGTGGTAAATGGTAATATCGACTTAAAACAAGCAATAGAATCATCAGATAACATTTTCTTTGCTAGAGTAGCACTCGAATTAGGCAGTAAGAAATTTGAAAAAAGGCATGAAAAAACTAGGTGTTGGTGAAGATATACCAAGTGATTATCCATTTTATAATGCTCAAATTTCAAACAAAAATTTAGATAATGAAATATTATTAGCTGATTCAGGTTACGGACAAGGTGAAATACTGATTAACCCAGTACAGATCCTTTCAATCTATAGCGCATTAGAAAATAATGGCAATATTAACGCACCTCACTTATTAAAAGACACGAAAAACAAAGTTTGGAAGAAAAATATTATTTCCAAAGAAAATATCAATCTATTAACTGATGGTATGCAACAAGTCGTAAATAAAACACATAAAGAAGATATTTATAGATCTTATGCAAACTTAATTGGCAAATCCGGTACTGCAGAACTCAAAATGAAACAAGGAGAAACTGGCAGACAAATTGGGTGGTTTATATCATATGATAAAGATAATCCAAACATGATGATGGCTATTAATGTTAAAGATGTACAAGATAAAGGAATGGCTAGCTACAATGCCAAAATCTCAGGTAAAGTGTATGATGAGCTATATGAGAACGGTAATAAAAAATACGATATAGATGAATAA	
sau027	mecA	penicillin	Amoxicillin, Amoxicillin+Clavulanic acid, Ampicillin, Ampicillin+Clavulanic acid, Cefepime, Cefixime, Cefotaxime, Cefoxitin, Ceftazidime, Ertapenem, Imipenem, Meropenem, Piperacillin, Piperacillin+Tazobactam	99.65	100.30	2013/2007	Seq1_len=2922955	74957	72946	NC_007168	ATGAAAAAGATAAAAATTGTTCCACTTATTTTAATAGTTGTAGTTGTCGGGTTTGGTATATATTTTTATGCTTCAAAAGATAAAGAAATTAATAATACTATTGATGCAATTGAAGATAAAAATTTCAAACAAGTTTATAAAGATAGCAGTTATATTTCTAAAAGCGATAATGGTGAAGTAGAAATGACTGAACGTCCGATAAAAATATATAATAGTTTAGGCGTTAAAGATATAAACATTCAGGATCGTAAAATAAAAAAAAGTATCTAAAAATAAAAAAACGAGTAGATGCTCAATATAAAATTAAAACAAACTACGGTAACATTGATCGCAACGTTCAATTTAATTTTGTTAAAGAAGATGGTATGTGGAAGTTAGATTGGGATCATAGCGTCATTATTCCAGGAATGCAGAAAGACCAAAGCATACATATTGAAAATTTAAAATCAGAACGTGGTAAAATTTTAGACCGAAACAATGTGGAATTGGCCAATACAGGAACAGCATATGAGATAGGCATCGTTCCAAAGAATGTATCTAAAAAAGATTATAAAGCAATCGCTAAAGAACTAAGTATTTCTGAAGACTATATCAAACAACAAATGGATCAAAATTGGGTACAAGATGATACCTTCGTTCCACTTAAAACCGTTAAAAAAAATGGATGAATATTTAAGAGATTTCGCAAAAAAAATTTCATCTTACAACTAATGAAACAGAAAGTCGTAACTATCCTCTAGGAAAAGCGACTTCACATCTATTAGGTTATGTTGGTCCCATTAACTCTGAAGAATTAAAACAAAAAGAATATAAAGGCTATAAAGATGATGCAGTTATTGGTAAAAAGGGACTCGAAAAACTTTACGATAAAAAGCTCCAACATGAAGATGGCTATCGTGTCACAATCGTTGACGATAATAGCAATACAATCGCACATACATTAATAGAGAAAAAGAAAAAAAGATGGCAAAGATATTCAACTAACTATTGATGCTAAAGTTCAAAAGAGTATTTATAACAACATGAAAAATGATTATGGCTCAGGTACTGCTATCCACCCTCAAACAGGTGAATTATTAGCACTTGTAAGCACACCTTCATATGACGTCTATCCATTTATGTATGGCATGAGTAACGAAGAATATAATAAATTAACCGAAGATAAAAAAGAACCTCTGCTCAACAAGTTCCAGATTACAACTTCACCAGGTTCAACTCAAAAAATATTAACAGCAATGATTGGGTTAAATAACAAAACATTAGACGATAAAACAAGTTATAAAATCGATGGTAAAGGTTGGCAAAA-GATAAATCTTGGGGTGGTTACAACGTTACAAGATATGAAGTGGTAAATGGTAATATCGACTTAAAACAAGCAATAGAATCATCAGATAACATTTTCTTTGCTAGAGTAGCACTCGAATTAGGCAGTAAGAAATTTGAAAAAAGGCATGAAAAAACTAGGTGTTGGTGAAGATATACCAAGTGATTATCCATTTTATAATGCTCAAATTTCAAACAAAAATTTAGATAATGAAATATTATTAGCTGATTCAGGTTACGGACAAGGTGAAATACTGATTAACCCAGTACAGATCCTTTCAATCTATAGCGCATTAGAAAATAATGGCAATATTAACGCACCTCACTTATTAAAAGACACGAAAAACAAAGTTTGGAAGAAAAATATTATTTCCAAAGAAAATATCAATCTATTAACTGATGGTATGCAACAAGTCGTAAATAAAACACATAAAGAAGATATTTATAGATCTTATGCAAACTTAATTGGCAAATCCGGTACTGCAGAACTCAAAATGAAACAAGGAGAAACTGGCAGACAAATTGGGTGGTTTATATCATATGATAAAGATAATCCAAACATGATGATGGCTATTAATGTTAAAGATGTACAAGATAAAGGAATGGCTAGCTACAATGCCAAAATCTCAGGTAAAGTGTATGATGAGCTATATGAGAACGGTAATAAAAAATACGATATAGATGAATAA	
sau027	tet(K)	unknown[tet(K)_1_U38656]	Doxycycline, Tetracycline	99.78	100.07	1381/1380	Seq1_len=2922955	86927	88305	U38656	TTGTTTAGTTTATATAAAAAAATTTAAAGGTTTGTTTTATAGCGTTTTATTTTGGCTTTGTATTCTTTCATTTTTTAGTGTATTAAATGAAATGGTTTTAAATGTTTCTTTACCTGATATTGCAAATCATTTTAATACTACTCCTGGAATTACAAACTGGGTAAACACTGCATATATGTTAACTTTTTCGATAGGAACAGCAGTATATGGAAAATTATCTGATTATATAAATATAAAAAAATTGTTAATTATTGGTATTAGTTTGAGCTGTCTTGGTTCATTGATTGCTTTTATTGGTCACAATCACTTTTTTATTTTGATTTTTGGTAGGTTAGTACAAGGAGTAGGATCTGCTGCATTCCCTTCACTGATTATGGTGGTTGTAGCTAGAAATATTACAAGAAAAAAACAAGGCAAAGCCTTTGGTTTTATAGGATCAATTGTAGCTTTAGGTGAAGGGTTAGGTCCTTCAATAGGGGGAATAATAGCACATTATATTCATTGGTCTTACCTACTTATACTTCCTATGATTACAATAGTAACTATACCTTTTCTTATTAAAGTAATGGTACCTGGTAAATCAACAAAAAATACATTAGATATCGTAGGTATTGTTTTAATGTCTATAAGTATTATATGTTTTATGTTATTTACGACAAATTATAATTGGAC-TTTTTAATACTCTTCACAATCTTTTTTGTGATTTTTATTAAACATATTTCAAGAGTTTCTAACCCTTTTATTAATCCTAAACTAGGGAAAAACATTCCGTTTATGCTTGGTTTGTTTTCTGGTGGGCTAATATTTTCTATAGTAGCTGGTTTTATATCAATGGTGCCTTATATGATGAAAACTATTTATCATGTAAATGTAGCGACAATAGGTAATAGTGTTATTTTTCCTGGAACCATGAGTGTTATTGTTTTTGGTTATTTTGGTGGTTTTTTAGTGGATAGAAAAGGATCATTATTTGTTTTTATTTTAGGATCATTGTCTATCTCTATAAG-TTTTTAACTATTGCATTTTTTGTTGAGTTTAGTATGTGGTTGACTACTTTTATGTTTATATTTGTTATGGGCGGATTATCTTTTACTAAAACAGTTATATCAAAAATAGTATCAAGTAGTCTTTCTGAAGAAGAAGTTGCTTCTGGAATGAGTTTGCTAAATTTCACAAGTTTTTTATCAGAGGGAACAGGTATAGCAATTGTAGGAGGTTTATTGTCACTACAATTGATTAATCGTAAACTAGTTCTGGAATTTATAAATTATTCTTCTGGAGTGTATAGTAATATTCTTGTAGCCATGGCTATCCTTATTATTTTATGTTGTCTTTTGACGATTATTGTATTTAAACGTTCTGAAAAGCAGTTTGAATAG	
sau027	tet(K)	tetracycline	Doxycycline, Tetracycline	99.78	100.07	1381/1380	Seq1_len=2922955	86927	88305	U38656	TTGTTTAGTTTATATAAAAAAATTTAAAGGTTTGTTTTATAGCGTTTTATTTTGGCTTTGTATTCTTTCATTTTTTAGTGTATTAAATGAAATGGTTTTAAATGTTTCTTTACCTGATATTGCAAATCATTTTAATACTACTCCTGGAATTACAAACTGGGTAAACACTGCATATATGTTAACTTTTTCGATAGGAACAGCAGTATATGGAAAATTATCTGATTATATAAATATAAAAAAATTGTTAATTATTGGTATTAGTTTGAGCTGTCTTGGTTCATTGATTGCTTTTATTGGTCACAATCACTTTTTTATTTTGATTTTTGGTAGGTTAGTACAAGGAGTAGGATCTGCTGCATTCCCTTCACTGATTATGGTGGTTGTAGCTAGAAATATTACAAGAAAAAAACAAGGCAAAGCCTTTGGTTTTATAGGATCAATTGTAGCTTTAGGTGAAGGGTTAGGTCCTTCAATAGGGGGAATAATAGCACATTATATTCATTGGTCTTACCTACTTATACTTCCTATGATTACAATAGTAACTATACCTTTTCTTATTAAAGTAATGGTACCTGGTAAATCAACAAAAAATACATTAGATATCGTAGGTATTGTTTTAATGTCTATAAGTATTATATGTTTTATGTTATTTACGACAAATTATAATTGGAC-TTTTTAATACTCTTCACAATCTTTTTTGTGATTTTTATTAAACATATTTCAAGAGTTTCTAACCCTTTTATTAATCCTAAACTAGGGAAAAACATTCCGTTTATGCTTGGTTTGTTTTCTGGTGGGCTAATATTTTCTATAGTAGCTGGTTTTATATCAATGGTGCCTTATATGATGAAAACTATTTATCATGTAAATGTAGCGACAATAGGTAATAGTGTTATTTTTCCTGGAACCATGAGTGTTATTGTTTTTGGTTATTTTGGTGGTTTTTTAGTGGATAGAAAAGGATCATTATTTGTTTTTATTTTAGGATCATTGTCTATCTCTATAAG-TTTTTAACTATTGCATTTTTTGTTGAGTTTAGTATGTGGTTGACTACTTTTATGTTTATATTTGTTATGGGCGGATTATCTTTTACTAAAACAGTTATATCAAAAATAGTATCAAGTAGTCTTTCTGAAGAAGAAGTTGCTTCTGGAATGAGTTTGCTAAATTTCACAAGTTTTTTATCAGAGGGAACAGGTATAGCAATTGTAGGAGGTTTATTGTCACTACAATTGATTAATCGTAAACTAGTTCTGGAATTTATAAATTATTCTTCTGGAGTGTATAGTAATATTCTTGTAGCCATGGCTATCCTTATTATTTTATGTTGTCTTTTGACGATTATTGTATTTAAACGTTCTGAAAAGCAGTTTGAATAG	
